<?xml version="1.0" encoding="UTF-8"?><rss version="2.0"
	xmlns:content="http://purl.org/rss/1.0/modules/content/"
	xmlns:wfw="http://wellformedweb.org/CommentAPI/"
	xmlns:dc="http://purl.org/dc/elements/1.1/"
	xmlns:atom="http://www.w3.org/2005/Atom"
	xmlns:sy="http://purl.org/rss/1.0/modules/syndication/"
	xmlns:slash="http://purl.org/rss/1.0/modules/slash/"
	>

<channel>
	<title>Prossimo alla Scadenza &#8211; Il BuonPane</title>
	<atom:link href="./index.html" rel="self" type="application/rss+xml" />
	<link>./../../../index.html</link>
	<description></description>
	<lastBuildDate>Fri, 24 Mar 2023 16:02:59 +0000</lastBuildDate>
	<language>it-IT</language>
	<sy:updatePeriod>
	hourly	</sy:updatePeriod>
	<sy:updateFrequency>
	1	</sy:updateFrequency>
	<generator>https://wordpress.org/?v=6.1.1</generator>
	<item>
		<title>Cornetto al Cioccolato</title>
		<link>./../../../prodotto/cornetto-al-cioccolato/index.html</link>
					<comments>./../../../prodotto/cornetto-al-cioccolato/index.html#respond</comments>
		
		<dc:creator><![CDATA[Jay]]></dc:creator>
		<pubDate>Fri, 24 Mar 2023 10:14:08 +0000</pubDate>
				<guid isPermaLink="false">./../../../index.html?post_type=product#038;p=42</guid>

					<description><![CDATA[I cornetti al cioccolato sono dei dolci tipici della tradizione italiana, caratterizzati dalla forma a mezzaluna e dal ripieno cremoso al cioccolato. Sono perfetti per una colazione golosa o una pausa dolce, e si abbinano bene con caffè e cappuccino. La loro preparazione richiede molta cura e maestria, ma il risultato finale è un dolce davvero speciale.]]></description>
										<content:encoded><![CDATA[<p>I cornetti al cioccolato sono dei dolci tipici della tradizione italiana, apprezzati per la loro forma a mezzaluna e il loro ripieno goloso. La pasta sfoglia, croccante e friabile, racchiude un ripieno cremoso al cioccolato, che ne esalta il sapore e la golosità.</p>
<p>I cornetti al cioccolato sono perfetti per la colazione o per una pausa dolce, ma possono essere gustati in ogni momento della giornata. Sono ottimi accompagnati da un cappuccino o un caffè, ma possono essere anche gustati da soli come spuntino goloso.</p>
<p>La loro preparazione richiede molta maestria e pazienza, perché la pasta sfoglia richiede una lunga lavorazione per ottenere la consistenza perfetta. Tuttavia, il risultato finale è davvero speciale: un dolce goloso, croccante e friabile, dal sapore intenso di cioccolato.</p>
]]></content:encoded>
					
					<wfw:commentRss>./../../../prodotto/cornetto-al-cioccolato/feed/index.html</wfw:commentRss>
			<slash:comments>0</slash:comments>
		
		
			</item>
		<item>
		<title>Pizzette Margherita 2Pz</title>
		<link>./../../../prodotto/pizzette-margherita-2pz/index.html</link>
					<comments>./../../../prodotto/pizzette-margherita-2pz/index.html#respond</comments>
		
		<dc:creator><![CDATA[Jay]]></dc:creator>
		<pubDate>Fri, 24 Mar 2023 10:06:50 +0000</pubDate>
				<guid isPermaLink="false">./../../../index.html?post_type=product#038;p=32</guid>

					<description><![CDATA[Le pizzette margherita sono dei deliziosi dischi di pasta lievitata conditi con pomodoro, mozzarella e basilico, perfetti per un aperitivo o uno spuntino veloce. Sono gustose, pratiche e versatili, adatte a tutte le occasio]]></description>
										<content:encoded><![CDATA[<p>Le pizzette margherita sono dei piccoli dischi di pasta lievitata, conditi con pomodoro, mozzarella e basilico. Questo piatto è una versione miniaturizzata della famosa pizza margherita, ed è perfetto per un aperitivo o uno spuntino veloce.</p>
<p>La pizzetta margherita ha una base croccante e sottile, condita con un sugo di pomodoro fresco e delicato, che viene arricchito da fette di mozzarella fresca e aromi di basilico. La combinazione di questi ingredienti crea un sapore delicato e bilanciato, che si sposa perfettamente con la croccantezza della base.</p>
<p>Le pizzette margherita sono perfette per accompagnare un bicchiere di vino o una birra, ma possono essere gustate anche da sole come spuntino. Sono inoltre ideali per buffet e feste, grazie alla loro praticità e al loro sapore universale.</p>
]]></content:encoded>
					
					<wfw:commentRss>./../../../prodotto/pizzette-margherita-2pz/feed/index.html</wfw:commentRss>
			<slash:comments>0</slash:comments>
		
		
			</item>
	</channel>
</rss>
