<?xml version="1.0" encoding="UTF-8"?><rss version="2.0"
	xmlns:content="http://purl.org/rss/1.0/modules/content/"
	xmlns:wfw="http://wellformedweb.org/CommentAPI/"
	xmlns:dc="http://purl.org/dc/elements/1.1/"
	xmlns:atom="http://www.w3.org/2005/Atom"
	xmlns:sy="http://purl.org/rss/1.0/modules/syndication/"
	xmlns:slash="http://purl.org/rss/1.0/modules/slash/"
	>

<channel>
	<title>Pane Appena Sfornato &#8211; Il BuonPane</title>
	<atom:link href="./index.html" rel="self" type="application/rss+xml" />
	<link>./../../../index.html</link>
	<description></description>
	<lastBuildDate>Fri, 24 Mar 2023 10:23:12 +0000</lastBuildDate>
	<language>it-IT</language>
	<sy:updatePeriod>
	hourly	</sy:updatePeriod>
	<sy:updateFrequency>
	1	</sy:updateFrequency>
	<generator>https://wordpress.org/?v=6.1.1</generator>
	<item>
		<title>Rosetta</title>
		<link>./../../../prodotto/rosetta/index.html</link>
					<comments>./../../../prodotto/rosetta/index.html#respond</comments>
		
		<dc:creator><![CDATA[Jay]]></dc:creator>
		<pubDate>Fri, 24 Mar 2023 10:04:50 +0000</pubDate>
				<guid isPermaLink="false">./../../../index.html?post_type=product#038;p=27</guid>

					<description><![CDATA[La rosetta è un pane versatile e gustoso, adatto per la preparazione di una vasta gamma di preparazioni salate, dalla più semplice alla più elaborata.]]></description>
										<content:encoded><![CDATA[<p>La rosetta è un pane morbido e soffice, con una forma tonda e schiacciata, tipica delle regioni del centro-sud Italia. La sua crosta croccante e dorata racchiude una mollica interna leggera e porosa, che la rende perfetta per essere farcita con una vasta gamma di ingredienti.</p>
<p>La rosetta è particolarmente adatta per la preparazione di panini, grazie alla sua forma compatibile con un&#8217;ampia varietà di ingredienti. Può essere farcita con salumi, formaggi, insalate e salse, ma anche con preparazioni più elaborate come polpette, frittate o verdure grigliate.</p>
<p>La consistenza morbida della rosetta la rende anche perfetta per essere utilizzata come base per la preparazione di toast, tramezzini e crostini, dove la sua morbidezza si sposa perfettamente con la croccantezza di altri ingredienti.</p>
]]></content:encoded>
					
					<wfw:commentRss>./../../../prodotto/rosetta/feed/index.html</wfw:commentRss>
			<slash:comments>0</slash:comments>
		
		
			</item>
		<item>
		<title>Casereccio Semplice</title>
		<link>./../../../prodotto/casereccio-semplice/index.html</link>
					<comments>./../../../prodotto/casereccio-semplice/index.html#respond</comments>
		
		<dc:creator><![CDATA[Jay]]></dc:creator>
		<pubDate>Fri, 24 Mar 2023 10:02:14 +0000</pubDate>
				<guid isPermaLink="false">./../../../index.html?post_type=product#038;p=22</guid>

					<description><![CDATA[Il pane casereccio semplice è un pane rustico e saporito, che richiama la tradizione contadina e la cura artigianale nella preparazione.]]></description>
										<content:encoded><![CDATA[<p>Il pane casereccio semplice è un pane rustico, caratterizzato da una crosta spessa e croccante e una mollica interna compatta e aromatica. Questo pane è preparato con farine di alta qualità e lievito naturale, seguendo le antiche ricette della tradizione contadina.</p>
<p>Il pane casereccio semplice è perfetto per accompagnare piatti rustici, come zuppe, stufati e piatti di carne. Grazie alla sua consistenza compatta e alla sua aroma intenso, è in grado di sopportare i sapori forti e decisi dei piatti a cui è abbinato. Inoltre, la crosta spessa e croccante è ideale per essere utilizzata come base per la preparazione di crostini e bruschette.</p>
<p>Il pane casereccio semplice è un pane ricco di sapore e tradizione, perfetto per gustare la genuinità delle materie prime e la maestria del panettiere. È ottimo anche da gustare semplicemente con un filo d&#8217;olio extravergine di oliva o con formaggi stagionati.</p>
]]></content:encoded>
					
					<wfw:commentRss>./../../../prodotto/casereccio-semplice/feed/index.html</wfw:commentRss>
			<slash:comments>0</slash:comments>
		
		
			</item>
		<item>
		<title>Baguette</title>
		<link>./../../../prodotto/baguette/index.html</link>
					<comments>./../../../prodotto/baguette/index.html#respond</comments>
		
		<dc:creator><![CDATA[Jay]]></dc:creator>
		<pubDate>Fri, 24 Mar 2023 10:00:21 +0000</pubDate>
				<guid isPermaLink="false">./../../../index.html?post_type=product#038;p=17</guid>

					<description><![CDATA[La baguette è un pane croccante e leggero, perfetto per molte occasioni e preparazioni, dalla più semplice alla più sofisticata.]]></description>
										<content:encoded><![CDATA[<p>La baguette è un pane tradizionale francese, di forma allungata e sottile, con una crosta croccante e dorata e una mollica interna morbida e alveolata. Grazie alla sua forma allungata e sottile, la baguette è perfetta per creare panini e sandwich, ma anche per accompagnare formaggi e salumi.</p>
<p>La croccantezza della crosta della baguette è una delle sue caratteristiche più apprezzate, e la rende perfetta per essere utilizzata come base per la preparazione di bruschette e crostini. Inoltre, la baguette è ottima per essere utilizzata come accompagnamento per piatti a base di carne, pesce o verdure.</p>
<p>La baguette è un pane leggero e versatile, adatto a molte occasioni, dalla colazione alla cena. È spesso utilizzata come base per la preparazione di sandwich, farciti con salumi, formaggi, verdure e salse, ma può anche essere gustata semplicemente con un filo di olio extravergine di oliva o come accompagnamento a piatti caldi.</p>
]]></content:encoded>
					
					<wfw:commentRss>./../../../prodotto/baguette/feed/index.html</wfw:commentRss>
			<slash:comments>0</slash:comments>
		
		
			</item>
		<item>
		<title>Ciabatta</title>
		<link>./../../../prodotto/ciabatta/index.html</link>
					<comments>./../../../prodotto/ciabatta/index.html#respond</comments>
		
		<dc:creator><![CDATA[Jay]]></dc:creator>
		<pubDate>Fri, 24 Mar 2023 09:57:30 +0000</pubDate>
				<guid isPermaLink="false">./../../../index.html?post_type=product#038;p=12</guid>

					<description><![CDATA[La ciabatta è un pane versatile e gustoso, perfetto per creare deliziose preparazioni salate o da gustare semplicemente con un filo d'olio extravergine di oliva.]]></description>
										<content:encoded><![CDATA[<p>La ciabatta è un pane rustico di forma allungata, con una crosta dorata e croccante e una mollica interna soffice e alveolata. Questo tipo di pane è caratterizzato dalla sua consistenza porosa e dalla sua capacità di assorbire i sapori dei condimenti e degli ingredienti con cui viene abbinato.</p>
<p>La ciabatta è perfetta per creare panini, bruschette o crostini, e può essere farcita con una vasta gamma di ingredienti, dal formaggio e prosciutto ai pomodori e agli oli aromatizzati. Grazie alla sua consistenza leggera e porosa, la ciabatta è anche ottima da abbinare a zuppe e stufati, dove può essere utilizzata per assorbire i succhi e i sapori del piatto.</p>
]]></content:encoded>
					
					<wfw:commentRss>./../../../prodotto/ciabatta/feed/index.html</wfw:commentRss>
			<slash:comments>0</slash:comments>
		
		
			</item>
	</channel>
</rss>
