<?xml version="1.0" encoding="UTF-8"?><rss version="2.0"
	xmlns:content="http://purl.org/rss/1.0/modules/content/"
	xmlns:wfw="http://wellformedweb.org/CommentAPI/"
	xmlns:dc="http://purl.org/dc/elements/1.1/"
	xmlns:atom="http://www.w3.org/2005/Atom"
	xmlns:sy="http://purl.org/rss/1.0/modules/syndication/"
	xmlns:slash="http://purl.org/rss/1.0/modules/slash/"
	>

<channel>
	<title>Dolci &#8211; Il BuonPane</title>
	<atom:link href="./index.html" rel="self" type="application/rss+xml" />
	<link>./../../../index.html</link>
	<description></description>
	<lastBuildDate>Fri, 24 Mar 2023 16:02:02 +0000</lastBuildDate>
	<language>it-IT</language>
	<sy:updatePeriod>
	hourly	</sy:updatePeriod>
	<sy:updateFrequency>
	1	</sy:updateFrequency>
	<generator>https://wordpress.org/?v=6.1.1</generator>
	<item>
		<title>Krapfen alla Crema</title>
		<link>./../../../prodotto/krapfen-alla-crema/index.html</link>
					<comments>./../../../prodotto/krapfen-alla-crema/index.html#respond</comments>
		
		<dc:creator><![CDATA[Jay]]></dc:creator>
		<pubDate>Fri, 24 Mar 2023 10:20:07 +0000</pubDate>
				<guid isPermaLink="false">./../../../index.html?post_type=product#038;p=47</guid>

					<description><![CDATA[I krapfen alla crema sono dolci tipici della tradizione austriaca e tedesca, caratterizzati dalla pasta soffice e leggera e dal ripieno cremoso di crema pasticcera. Sono dolci perfetti per una colazione o una merenda, e si abbinano bene con tè e caffè. La loro preparazione richiede molta cura e maestria, ma il risultato finale è un dolce davvero speciale.]]></description>
										<content:encoded><![CDATA[<p>La pasta del krapfen è soffice e leggera, realizzata con farina, uova, burro e zucchero. Dopo la cottura in olio caldo, il dolce viene farcito con la crema pasticcera, che si sprigiona dalla sua superficie tagliata. I krapfen alla crema possono essere serviti con una spolverata di zucchero a velo, che ne esalta la golosità.</p>
<p>Sono dolci perfetti per una colazione o una merenda, ma possono essere gustati in ogni momento della giornata. Sono ottimi accompagnati da un tè o un caffè, ma possono essere anche gustati da soli come spuntino goloso.</p>
<p>La loro preparazione richiede molta maestria e pazienza, perché sia la pasta che la crema richiedono una lavorazione accurata. Tuttavia, il risultato finale è davvero speciale: un dolce soffice e delicato, che sa conquistare tutti con il suo ripieno cremoso.</p>
]]></content:encoded>
					
					<wfw:commentRss>./../../../prodotto/krapfen-alla-crema/feed/index.html</wfw:commentRss>
			<slash:comments>0</slash:comments>
		
		
			</item>
		<item>
		<title>Cornetto al Cioccolato</title>
		<link>./../../../prodotto/cornetto-al-cioccolato/index.html</link>
					<comments>./../../../prodotto/cornetto-al-cioccolato/index.html#respond</comments>
		
		<dc:creator><![CDATA[Jay]]></dc:creator>
		<pubDate>Fri, 24 Mar 2023 10:14:08 +0000</pubDate>
				<guid isPermaLink="false">./../../../index.html?post_type=product#038;p=42</guid>

					<description><![CDATA[I cornetti al cioccolato sono dei dolci tipici della tradizione italiana, caratterizzati dalla forma a mezzaluna e dal ripieno cremoso al cioccolato. Sono perfetti per una colazione golosa o una pausa dolce, e si abbinano bene con caffè e cappuccino. La loro preparazione richiede molta cura e maestria, ma il risultato finale è un dolce davvero speciale.]]></description>
										<content:encoded><![CDATA[<p>I cornetti al cioccolato sono dei dolci tipici della tradizione italiana, apprezzati per la loro forma a mezzaluna e il loro ripieno goloso. La pasta sfoglia, croccante e friabile, racchiude un ripieno cremoso al cioccolato, che ne esalta il sapore e la golosità.</p>
<p>I cornetti al cioccolato sono perfetti per la colazione o per una pausa dolce, ma possono essere gustati in ogni momento della giornata. Sono ottimi accompagnati da un cappuccino o un caffè, ma possono essere anche gustati da soli come spuntino goloso.</p>
<p>La loro preparazione richiede molta maestria e pazienza, perché la pasta sfoglia richiede una lunga lavorazione per ottenere la consistenza perfetta. Tuttavia, il risultato finale è davvero speciale: un dolce goloso, croccante e friabile, dal sapore intenso di cioccolato.</p>
]]></content:encoded>
					
					<wfw:commentRss>./../../../prodotto/cornetto-al-cioccolato/feed/index.html</wfw:commentRss>
			<slash:comments>0</slash:comments>
		
		
			</item>
	</channel>
</rss>
