<?xml version="1.0" encoding="UTF-8"?><rss version="2.0"
	xmlns:content="http://purl.org/rss/1.0/modules/content/"
	xmlns:wfw="http://wellformedweb.org/CommentAPI/"
	xmlns:dc="http://purl.org/dc/elements/1.1/"
	xmlns:atom="http://www.w3.org/2005/Atom"
	xmlns:sy="http://purl.org/rss/1.0/modules/syndication/"
	xmlns:slash="http://purl.org/rss/1.0/modules/slash/"
	>

<channel>
	<title>Delizie della Casa &#8211; Il BuonPane</title>
	<atom:link href="./index.html" rel="self" type="application/rss+xml" />
	<link>./../../../index.html</link>
	<description></description>
	<lastBuildDate>Fri, 24 Mar 2023 16:02:59 +0000</lastBuildDate>
	<language>it-IT</language>
	<sy:updatePeriod>
	hourly	</sy:updatePeriod>
	<sy:updateFrequency>
	1	</sy:updateFrequency>
	<generator>https://wordpress.org/?v=6.1.1</generator>
	<item>
		<title>Focaccia</title>
		<link>./../../../prodotto/focaccia/index.html</link>
					<comments>./../../../prodotto/focaccia/index.html#respond</comments>
		
		<dc:creator><![CDATA[Jay]]></dc:creator>
		<pubDate>Fri, 24 Mar 2023 10:09:28 +0000</pubDate>
				<guid isPermaLink="false">./../../../index.html?post_type=product#038;p=33</guid>

					<description><![CDATA[La focaccia semplice è un pane piatto di origine ligure, caratterizzato da una base morbida e soffice e una crosta croccante. È versatile e gustoso, adatto a molte occasioni, dalla colazione al pranzo, fino all'aperitivo.]]></description>
										<content:encoded><![CDATA[<p>La focaccia semplice è la versione più classica della focaccia, senza alcun condimento speciale sulla sua superficie. La sua consistenza morbida e soffice la rende perfetta per essere gustata da sola, oppure accompagnata con formaggi e salumi.</p>
<p>La croccantezza della crosta rende la focaccia anche ottima da utilizzare come base per la preparazione di bruschette e crostini, ma può essere anche semplicemente tagliata a fette e accompagnata da un filo d&#8217;olio extravergine di oliva.</p>
<p>La focaccia è un pane versatile e gustoso, adatto a molte occasioni. Può essere gustata calda appena sfornata, ma è anche buona a temperatura ambiente, magari leggermente riscaldata. Inoltre, la sua preparazione semplice e genuina la rende un prodotto apprezzato da tutti.</p>
]]></content:encoded>
					
					<wfw:commentRss>./../../../prodotto/focaccia/feed/index.html</wfw:commentRss>
			<slash:comments>0</slash:comments>
		
		
			</item>
		<item>
		<title>Pizzette Margherita 2Pz</title>
		<link>./../../../prodotto/pizzette-margherita-2pz/index.html</link>
					<comments>./../../../prodotto/pizzette-margherita-2pz/index.html#respond</comments>
		
		<dc:creator><![CDATA[Jay]]></dc:creator>
		<pubDate>Fri, 24 Mar 2023 10:06:50 +0000</pubDate>
				<guid isPermaLink="false">./../../../index.html?post_type=product#038;p=32</guid>

					<description><![CDATA[Le pizzette margherita sono dei deliziosi dischi di pasta lievitata conditi con pomodoro, mozzarella e basilico, perfetti per un aperitivo o uno spuntino veloce. Sono gustose, pratiche e versatili, adatte a tutte le occasio]]></description>
										<content:encoded><![CDATA[<p>Le pizzette margherita sono dei piccoli dischi di pasta lievitata, conditi con pomodoro, mozzarella e basilico. Questo piatto è una versione miniaturizzata della famosa pizza margherita, ed è perfetto per un aperitivo o uno spuntino veloce.</p>
<p>La pizzetta margherita ha una base croccante e sottile, condita con un sugo di pomodoro fresco e delicato, che viene arricchito da fette di mozzarella fresca e aromi di basilico. La combinazione di questi ingredienti crea un sapore delicato e bilanciato, che si sposa perfettamente con la croccantezza della base.</p>
<p>Le pizzette margherita sono perfette per accompagnare un bicchiere di vino o una birra, ma possono essere gustate anche da sole come spuntino. Sono inoltre ideali per buffet e feste, grazie alla loro praticità e al loro sapore universale.</p>
]]></content:encoded>
					
					<wfw:commentRss>./../../../prodotto/pizzette-margherita-2pz/feed/index.html</wfw:commentRss>
			<slash:comments>0</slash:comments>
		
		
			</item>
	</channel>
</rss>
