<?xml version="1.0" encoding="UTF-8"?><rss version="2.0"
	xmlns:content="http://purl.org/rss/1.0/modules/content/"
	xmlns:wfw="http://wellformedweb.org/CommentAPI/"
	xmlns:dc="http://purl.org/dc/elements/1.1/"
	xmlns:atom="http://www.w3.org/2005/Atom"
	xmlns:sy="http://purl.org/rss/1.0/modules/syndication/"
	xmlns:slash="http://purl.org/rss/1.0/modules/slash/"
	>

<channel>
	<title>Prodotti &#8211; Il BuonPane</title>
	<atom:link href="./index.html" rel="self" type="application/rss+xml" />
	<link>./../../index.html</link>
	<description></description>
	<lastBuildDate>Fri, 24 Mar 2023 16:02:59 +0000</lastBuildDate>
	<language>it-IT</language>
	<sy:updatePeriod>
	hourly	</sy:updatePeriod>
	<sy:updateFrequency>
	1	</sy:updateFrequency>
	<generator>https://wordpress.org/?v=6.1.1</generator>
	<item>
		<title>Krapfen alla Crema</title>
		<link>./../../prodotto/krapfen-alla-crema/index.html</link>
					<comments>./../../prodotto/krapfen-alla-crema/index.html#respond</comments>
		
		<dc:creator><![CDATA[Jay]]></dc:creator>
		<pubDate>Fri, 24 Mar 2023 10:20:07 +0000</pubDate>
				<guid isPermaLink="false">./../../index.html?post_type=product#038;p=47</guid>

					<description><![CDATA[I krapfen alla crema sono dolci tipici della tradizione austriaca e tedesca, caratterizzati dalla pasta soffice e leggera e dal ripieno cremoso di crema pasticcera. Sono dolci perfetti per una colazione o una merenda, e si abbinano bene con tè e caffè. La loro preparazione richiede molta cura e maestria, ma il risultato finale è un dolce davvero speciale.]]></description>
										<content:encoded><![CDATA[<p>La pasta del krapfen è soffice e leggera, realizzata con farina, uova, burro e zucchero. Dopo la cottura in olio caldo, il dolce viene farcito con la crema pasticcera, che si sprigiona dalla sua superficie tagliata. I krapfen alla crema possono essere serviti con una spolverata di zucchero a velo, che ne esalta la golosità.</p>
<p>Sono dolci perfetti per una colazione o una merenda, ma possono essere gustati in ogni momento della giornata. Sono ottimi accompagnati da un tè o un caffè, ma possono essere anche gustati da soli come spuntino goloso.</p>
<p>La loro preparazione richiede molta maestria e pazienza, perché sia la pasta che la crema richiedono una lavorazione accurata. Tuttavia, il risultato finale è davvero speciale: un dolce soffice e delicato, che sa conquistare tutti con il suo ripieno cremoso.</p>
]]></content:encoded>
					
					<wfw:commentRss>./../../prodotto/krapfen-alla-crema/feed/index.html</wfw:commentRss>
			<slash:comments>0</slash:comments>
		
		
			</item>
		<item>
		<title>Cornetto al Cioccolato</title>
		<link>./../../prodotto/cornetto-al-cioccolato/index.html</link>
					<comments>./../../prodotto/cornetto-al-cioccolato/index.html#respond</comments>
		
		<dc:creator><![CDATA[Jay]]></dc:creator>
		<pubDate>Fri, 24 Mar 2023 10:14:08 +0000</pubDate>
				<guid isPermaLink="false">./../../index.html?post_type=product#038;p=42</guid>

					<description><![CDATA[I cornetti al cioccolato sono dei dolci tipici della tradizione italiana, caratterizzati dalla forma a mezzaluna e dal ripieno cremoso al cioccolato. Sono perfetti per una colazione golosa o una pausa dolce, e si abbinano bene con caffè e cappuccino. La loro preparazione richiede molta cura e maestria, ma il risultato finale è un dolce davvero speciale.]]></description>
										<content:encoded><![CDATA[<p>I cornetti al cioccolato sono dei dolci tipici della tradizione italiana, apprezzati per la loro forma a mezzaluna e il loro ripieno goloso. La pasta sfoglia, croccante e friabile, racchiude un ripieno cremoso al cioccolato, che ne esalta il sapore e la golosità.</p>
<p>I cornetti al cioccolato sono perfetti per la colazione o per una pausa dolce, ma possono essere gustati in ogni momento della giornata. Sono ottimi accompagnati da un cappuccino o un caffè, ma possono essere anche gustati da soli come spuntino goloso.</p>
<p>La loro preparazione richiede molta maestria e pazienza, perché la pasta sfoglia richiede una lunga lavorazione per ottenere la consistenza perfetta. Tuttavia, il risultato finale è davvero speciale: un dolce goloso, croccante e friabile, dal sapore intenso di cioccolato.</p>
]]></content:encoded>
					
					<wfw:commentRss>./../../prodotto/cornetto-al-cioccolato/feed/index.html</wfw:commentRss>
			<slash:comments>0</slash:comments>
		
		
			</item>
		<item>
		<title>Focaccia</title>
		<link>./../../prodotto/focaccia/index.html</link>
					<comments>./../../prodotto/focaccia/index.html#respond</comments>
		
		<dc:creator><![CDATA[Jay]]></dc:creator>
		<pubDate>Fri, 24 Mar 2023 10:09:28 +0000</pubDate>
				<guid isPermaLink="false">./../../index.html?post_type=product#038;p=33</guid>

					<description><![CDATA[La focaccia semplice è un pane piatto di origine ligure, caratterizzato da una base morbida e soffice e una crosta croccante. È versatile e gustoso, adatto a molte occasioni, dalla colazione al pranzo, fino all'aperitivo.]]></description>
										<content:encoded><![CDATA[<p>La focaccia semplice è la versione più classica della focaccia, senza alcun condimento speciale sulla sua superficie. La sua consistenza morbida e soffice la rende perfetta per essere gustata da sola, oppure accompagnata con formaggi e salumi.</p>
<p>La croccantezza della crosta rende la focaccia anche ottima da utilizzare come base per la preparazione di bruschette e crostini, ma può essere anche semplicemente tagliata a fette e accompagnata da un filo d&#8217;olio extravergine di oliva.</p>
<p>La focaccia è un pane versatile e gustoso, adatto a molte occasioni. Può essere gustata calda appena sfornata, ma è anche buona a temperatura ambiente, magari leggermente riscaldata. Inoltre, la sua preparazione semplice e genuina la rende un prodotto apprezzato da tutti.</p>
]]></content:encoded>
					
					<wfw:commentRss>./../../prodotto/focaccia/feed/index.html</wfw:commentRss>
			<slash:comments>0</slash:comments>
		
		
			</item>
		<item>
		<title>Pizzette Margherita 2Pz</title>
		<link>./../../prodotto/pizzette-margherita-2pz/index.html</link>
					<comments>./../../prodotto/pizzette-margherita-2pz/index.html#respond</comments>
		
		<dc:creator><![CDATA[Jay]]></dc:creator>
		<pubDate>Fri, 24 Mar 2023 10:06:50 +0000</pubDate>
				<guid isPermaLink="false">./../../index.html?post_type=product#038;p=32</guid>

					<description><![CDATA[Le pizzette margherita sono dei deliziosi dischi di pasta lievitata conditi con pomodoro, mozzarella e basilico, perfetti per un aperitivo o uno spuntino veloce. Sono gustose, pratiche e versatili, adatte a tutte le occasio]]></description>
										<content:encoded><![CDATA[<p>Le pizzette margherita sono dei piccoli dischi di pasta lievitata, conditi con pomodoro, mozzarella e basilico. Questo piatto è una versione miniaturizzata della famosa pizza margherita, ed è perfetto per un aperitivo o uno spuntino veloce.</p>
<p>La pizzetta margherita ha una base croccante e sottile, condita con un sugo di pomodoro fresco e delicato, che viene arricchito da fette di mozzarella fresca e aromi di basilico. La combinazione di questi ingredienti crea un sapore delicato e bilanciato, che si sposa perfettamente con la croccantezza della base.</p>
<p>Le pizzette margherita sono perfette per accompagnare un bicchiere di vino o una birra, ma possono essere gustate anche da sole come spuntino. Sono inoltre ideali per buffet e feste, grazie alla loro praticità e al loro sapore universale.</p>
]]></content:encoded>
					
					<wfw:commentRss>./../../prodotto/pizzette-margherita-2pz/feed/index.html</wfw:commentRss>
			<slash:comments>0</slash:comments>
		
		
			</item>
		<item>
		<title>Rosetta</title>
		<link>./../../prodotto/rosetta/index.html</link>
					<comments>./../../prodotto/rosetta/index.html#respond</comments>
		
		<dc:creator><![CDATA[Jay]]></dc:creator>
		<pubDate>Fri, 24 Mar 2023 10:04:50 +0000</pubDate>
				<guid isPermaLink="false">./../../index.html?post_type=product#038;p=27</guid>

					<description><![CDATA[La rosetta è un pane versatile e gustoso, adatto per la preparazione di una vasta gamma di preparazioni salate, dalla più semplice alla più elaborata.]]></description>
										<content:encoded><![CDATA[<p>La rosetta è un pane morbido e soffice, con una forma tonda e schiacciata, tipica delle regioni del centro-sud Italia. La sua crosta croccante e dorata racchiude una mollica interna leggera e porosa, che la rende perfetta per essere farcita con una vasta gamma di ingredienti.</p>
<p>La rosetta è particolarmente adatta per la preparazione di panini, grazie alla sua forma compatibile con un&#8217;ampia varietà di ingredienti. Può essere farcita con salumi, formaggi, insalate e salse, ma anche con preparazioni più elaborate come polpette, frittate o verdure grigliate.</p>
<p>La consistenza morbida della rosetta la rende anche perfetta per essere utilizzata come base per la preparazione di toast, tramezzini e crostini, dove la sua morbidezza si sposa perfettamente con la croccantezza di altri ingredienti.</p>
]]></content:encoded>
					
					<wfw:commentRss>./../../prodotto/rosetta/feed/index.html</wfw:commentRss>
			<slash:comments>0</slash:comments>
		
		
			</item>
		<item>
		<title>Casereccio Semplice</title>
		<link>./../../prodotto/casereccio-semplice/index.html</link>
					<comments>./../../prodotto/casereccio-semplice/index.html#respond</comments>
		
		<dc:creator><![CDATA[Jay]]></dc:creator>
		<pubDate>Fri, 24 Mar 2023 10:02:14 +0000</pubDate>
				<guid isPermaLink="false">./../../index.html?post_type=product#038;p=22</guid>

					<description><![CDATA[Il pane casereccio semplice è un pane rustico e saporito, che richiama la tradizione contadina e la cura artigianale nella preparazione.]]></description>
										<content:encoded><![CDATA[<p>Il pane casereccio semplice è un pane rustico, caratterizzato da una crosta spessa e croccante e una mollica interna compatta e aromatica. Questo pane è preparato con farine di alta qualità e lievito naturale, seguendo le antiche ricette della tradizione contadina.</p>
<p>Il pane casereccio semplice è perfetto per accompagnare piatti rustici, come zuppe, stufati e piatti di carne. Grazie alla sua consistenza compatta e alla sua aroma intenso, è in grado di sopportare i sapori forti e decisi dei piatti a cui è abbinato. Inoltre, la crosta spessa e croccante è ideale per essere utilizzata come base per la preparazione di crostini e bruschette.</p>
<p>Il pane casereccio semplice è un pane ricco di sapore e tradizione, perfetto per gustare la genuinità delle materie prime e la maestria del panettiere. È ottimo anche da gustare semplicemente con un filo d&#8217;olio extravergine di oliva o con formaggi stagionati.</p>
]]></content:encoded>
					
					<wfw:commentRss>./../../prodotto/casereccio-semplice/feed/index.html</wfw:commentRss>
			<slash:comments>0</slash:comments>
		
		
			</item>
		<item>
		<title>Baguette</title>
		<link>./../../prodotto/baguette/index.html</link>
					<comments>./../../prodotto/baguette/index.html#respond</comments>
		
		<dc:creator><![CDATA[Jay]]></dc:creator>
		<pubDate>Fri, 24 Mar 2023 10:00:21 +0000</pubDate>
				<guid isPermaLink="false">./../../index.html?post_type=product#038;p=17</guid>

					<description><![CDATA[La baguette è un pane croccante e leggero, perfetto per molte occasioni e preparazioni, dalla più semplice alla più sofisticata.]]></description>
										<content:encoded><![CDATA[<p>La baguette è un pane tradizionale francese, di forma allungata e sottile, con una crosta croccante e dorata e una mollica interna morbida e alveolata. Grazie alla sua forma allungata e sottile, la baguette è perfetta per creare panini e sandwich, ma anche per accompagnare formaggi e salumi.</p>
<p>La croccantezza della crosta della baguette è una delle sue caratteristiche più apprezzate, e la rende perfetta per essere utilizzata come base per la preparazione di bruschette e crostini. Inoltre, la baguette è ottima per essere utilizzata come accompagnamento per piatti a base di carne, pesce o verdure.</p>
<p>La baguette è un pane leggero e versatile, adatto a molte occasioni, dalla colazione alla cena. È spesso utilizzata come base per la preparazione di sandwich, farciti con salumi, formaggi, verdure e salse, ma può anche essere gustata semplicemente con un filo di olio extravergine di oliva o come accompagnamento a piatti caldi.</p>
]]></content:encoded>
					
					<wfw:commentRss>./../../prodotto/baguette/feed/index.html</wfw:commentRss>
			<slash:comments>0</slash:comments>
		
		
			</item>
		<item>
		<title>Ciabatta</title>
		<link>./../../prodotto/ciabatta/index.html</link>
					<comments>./../../prodotto/ciabatta/index.html#respond</comments>
		
		<dc:creator><![CDATA[Jay]]></dc:creator>
		<pubDate>Fri, 24 Mar 2023 09:57:30 +0000</pubDate>
				<guid isPermaLink="false">./../../index.html?post_type=product#038;p=12</guid>

					<description><![CDATA[La ciabatta è un pane versatile e gustoso, perfetto per creare deliziose preparazioni salate o da gustare semplicemente con un filo d'olio extravergine di oliva.]]></description>
										<content:encoded><![CDATA[<p>La ciabatta è un pane rustico di forma allungata, con una crosta dorata e croccante e una mollica interna soffice e alveolata. Questo tipo di pane è caratterizzato dalla sua consistenza porosa e dalla sua capacità di assorbire i sapori dei condimenti e degli ingredienti con cui viene abbinato.</p>
<p>La ciabatta è perfetta per creare panini, bruschette o crostini, e può essere farcita con una vasta gamma di ingredienti, dal formaggio e prosciutto ai pomodori e agli oli aromatizzati. Grazie alla sua consistenza leggera e porosa, la ciabatta è anche ottima da abbinare a zuppe e stufati, dove può essere utilizzata per assorbire i succhi e i sapori del piatto.</p>
]]></content:encoded>
					
					<wfw:commentRss>./../../prodotto/ciabatta/feed/index.html</wfw:commentRss>
			<slash:comments>0</slash:comments>
		
		
			</item>
	</channel>
</rss>
